Compound_Score,Negative_Score,Neutral_Score,News_Source,Positive_Score,Tweet_Text,Tweets_Ago
-0.4391,0.126,0.874,@BBCNews,0.0,RT @SallyBundockBBC: Apparently it‚Äôs #bluemonday2018 - ‚Äúthe most depressing day of the year‚Äù. I brought in cup cakes and banana bread for t‚Ä¶,1
0.0,0.0,1.0,@BBCNews,0.0,Scottish Labour MP Hugh Gaffney 'heckled over weight and accent' https://t.co/KAZzRMqxrr,2
0.0,0.0,1.0,@BBCNews,0.0,"Male work patterns see big shift to part-time roles, study says https://t.co/sSYC3KqTvC",3
-0.3182,0.223,0.777,@BBCNews,0.0,Thousands struggle to access childcare on glitchy website https://t.co/fZtsVNr3Cx,4
0.0,0.0,1.0,@BBCNews,0.0,"Scrap 'tens of thousands' migration target, MPs urge https://t.co/J1keGDzMDr",5
-0.3182,0.299,0.513,@BBCNews,0.188,Women urged to share sexual harassment experiences https://t.co/R16IDyeNoi,6
-0.6249,0.339,0.661,@BBCNews,0.0,Carillion crisis: Creditors due to hold Whitehall talks https://t.co/5KJ6J3s0e0,7
-0.875,0.6,0.4,@BBCNews,0.0,Man wanted over crossbow murder found dead https://t.co/syojmVkZQp,8
-0.7579,0.481,0.519,@BBCNews,0.0,Cassie Hayes: Man charged with travel agent murder https://t.co/ebcq9sAs46,9
0.0,0.0,1.0,@BBCNews,0.0,"RT @BBCSport: FT Liverpool 4-3 Man City 

It was a nervy finish, but after 23 games Man City's unbeaten run finally comes to an end.

React‚Ä¶",10
-0.296,0.196,0.804,@BBCNews,0.0,Pressure on UKIP leader over girlfriend's Meghan Markle's texts https://t.co/csT0c5wMyL,11
-0.8225,0.458,0.542,@BBCNews,0.0,Shane Gilmer identified as man killed in Southburn crossbow attack https://t.co/ILEnBrk6ju,12
-0.7717,0.528,0.472,@BBCNews,0.0,Redditch parents mourn third child's heart death https://t.co/yfxVm8jvnB,13
0.7003,0.21,0.269,@BBCNews,0.522,Falklands War 'true hero' Captain Rick Jolly dies https://t.co/58k3dEG6Pm,14
0.4215,0.0,0.741,@BBCNews,0.259,Londoners hit out at 'mistimed' bus safety alerts https://t.co/kWHjCE5mNW,15
0.765,0.0,0.602,@BBCNews,0.398,Puppy in Simon Cowell reward offer turns up safe in Kent https://t.co/cT1XFNh4BL,16
-0.5423,0.2,0.8,@BBCNews,0.0,RT @BBCBreaking: A 7.1 magnitude quake off the south-west coast of Peru kills two people https://t.co/oLae31f3Qh,17
-0.5994,0.302,0.698,@BBCNews,0.0,Cassie Hayes death: Tribute to Tui Southport travel agent https://t.co/pkc5DatgHK,18
0.0,0.0,1.0,@BBCNews,0.0,Australia v England: Jason Roy hits record 180 in five-wicket victory https://t.co/w6Ub0UZNuK,19
-0.3818,0.206,0.794,@BBCNews,0.0,Anthony Joshua v Joseph Parker fight announced for Cardiff in March https://t.co/AdLJUELzZS,20
0.4019,0.0,0.886,@BBCNews,0.114,"RT @BBCSport: Jason Roy hit a record-breaking 180 to help England cruise to victory in the first ODI v Australia. 

Here's the report üëâ htt‚Ä¶",21
-0.5423,0.333,0.667,@BBCNews,0.0,"One in 10 renters have fire risk concerns, poll finds https://t.co/ZyjujE64P6",22
-0.296,0.196,0.804,@BBCNews,0.0,Mario Testino and Bruce Weber accused of sexual exploitation https://t.co/zqahqbqp6H,23
-0.6249,0.439,0.387,@BBCNews,0.174,Teenager stabbed to death at Walsall house party https://t.co/PwUbDJViRe,24
0.0,0.0,1.0,@BBCNews,0.0,Glasgow bin lorry family's ¬£800k compensation deal https://t.co/cNgQEz3WO1,25
0.0,0.0,1.0,@BBCNews,0.0,Madeleine McCann private detective Kevin Halligen dies https://t.co/ctbTlWikct,26
0.0,0.0,1.0,@BBCNews,0.0,RT @bbcnickrobinson: Labour leaves door open to second EU Referemdum as  @jeremycorbyn &amp; @EmilyThornberry state that not calling for one now,27
0.0,0.0,1.0,@BBCNews,0.0,"Independence for Scotland is not a ""constitutional abstraction"", it's about the living standards, economy &amp; society‚Ä¶ https://t.co/dMwMoOYbP7",28
0.6486,0.045,0.749,@BBCNews,0.206,"RT @MarrShow: ""Do you accept Scotland is going to leave the EU?"" asks @AndrewMarr9 

""I still hope there‚Äôs an alternative to that... I thin‚Ä¶",29
0.4023,0.0,0.869,@BBCNews,0.131,"Staying in the single market &amp; the customs union would be ""least damaging"" post-Brexit option, says Scotland's Firs‚Ä¶ https://t.co/2bv3hlSPs3",30
-0.2732,0.251,0.541,@BBCNews,0.208,Conservative Party chairman Brandon Lewis says the party will suspend any candidates who personally abuse other pol‚Ä¶ https://t.co/kjrryvILfh,31
0.6908,0.0,0.794,@BBCNews,0.206,"RT @MarrShow: ""The Secretary of State for Justice will do everything he can to make sure this man stays behind bars"" - @BrandonLewis on #Wo‚Ä¶",32
0.5106,0.0,0.645,@BBCNews,0.355,Carillion crunch rescue talks to resume https://t.co/cODFo40mV7,33
-0.5859,0.186,0.814,@BBCNews,0.0,"RT @BBCBreaking: Burning oil tanker sinks more than a week after collision with cargo ship off China, with 32 lives lost, reports say https‚Ä¶",34
0.0,0.0,1.0,@BBCNews,0.0,"If we ""hack off"" Donald Trump won't it be harder to do a trade deal with the US? Andrew #Marr asks Labour's Emily T‚Ä¶ https://t.co/oIEBUTJ16d",35
-0.7855,0.297,0.623,@BBCNews,0.08,"RT @MarrShow: Worboys release is a ""threat to women"" - @EmilyThornberry says previous rape cases have not been prosecuted properly #marr ht‚Ä¶",36
-0.3818,0.245,0.755,@BBCNews,0.0,"Fight Labour online, Tory chairman Brandon Lewis says https://t.co/7aq0ys5WgQ",37
0.0,0.0,1.0,@BBCNews,0.0,Sturgeon: UK Brexit plan 'beggars belief' https://t.co/akMUpx7fo9,38
0.0,0.0,1.0,@BBCNews,0.0,UKIP suspends leader's girlfriend after Meghan Markle texts https://t.co/NcInkVIiDG,39
0.0,0.0,1.0,@BBCNews,0.0,Queen's coronation details revealed in documentary https://t.co/yU6xpgS19N,40
0.0,0.0,1.0,@BBCNews,0.0,Chef Angela Hartnett says Britain is not a 'foodie nation' https://t.co/UwpvibvxC6,41
0.0,0.0,1.0,@BBCNews,0.0,John Worboys: Minister considering judicial review https://t.co/RBfdM83JFQ,42
0.0,0.0,1.0,@BBCNews,0.0,Dua Lipa leads the Brits nominations https://t.co/tR2IcqDJwo,43
-0.4767,0.237,0.763,@BBCNews,0.0,"Woman, 28, dies after attack at Tui branch in Southport https://t.co/vyKBHGGw7f",44
0.0,0.0,1.0,@BBCNews,0.0,Six teens held after Hove stabbing https://t.co/HyMNJXULRZ,45
-0.6124,0.393,0.5,@BBCNews,0.107,Facebook warned over legal action after revenge porn case https://t.co/g9bkRPzmFa,46
0.25,0.0,0.926,@BBCNews,0.074,"RT @bbcweather: Chance of #gales on Monday morning, with 60mph winds expected in some parts of the UK. Keep an eye on the forecast for upda‚Ä¶",47
0.0,0.0,1.0,@BBCNews,0.0,"Four Oarsmen smash 3,000 mile Atlantic row in 29 days https://t.co/3mNZK9Fife",48
-0.0516,0.146,0.854,@BBCNews,0.0,Diana and Dodi statue to leave Harrods https://t.co/bpDgKZakJS,49
0.2023,0.0,0.795,@BBCNews,0.205,Carillion: Urgent talks on construction firm's future https://t.co/bbhKuOPeZu,50
-0.1027,0.123,0.877,@BBCNews,0.0,John Humphrys defends 'jokey' pay gap remarks about Carrie Gracie https://t.co/mNhi7bHtPg,51
0.0,0.0,1.0,@BBCNews,0.0,Man dies after wife robbed at Saltcoats newsagent https://t.co/apbxRtVDRr,52
-0.9136,0.626,0.374,@BBCNews,0.0,Harry Uzoka death: Two arrested in model murder probe https://t.co/zEJ6VPzqEP,53
-0.765,0.569,0.431,@BBCNews,0.0,Man sought in suspected murder inquiry https://t.co/XvO4ed4hGL,54
-0.8807,0.63,0.37,@BBCNews,0.0,Bristol murder arrest after street attack on man https://t.co/J9Igd286R0,55
0.0,0.0,1.0,@BBCNews,0.0,Corbyn reappoints Clive Lewis to Labour front bench https://t.co/vYprYfxRQX,56
0.4939,0.0,0.758,@BBCNews,0.242,Government urged to step in over Bield care home closures https://t.co/XYZACdE9QZ,57
-0.0258,0.205,0.598,@BBCNews,0.197,Nottingham railway station to reopen after huge fire https://t.co/rnRs2EoEYz,58
0.3182,0.0,0.796,@BBCNews,0.204,Hospital operations for child teeth removal increase in England https://t.co/Tn3POtS6U9,59
0.4939,0.0,0.738,@BBCNews,0.262,Leicester council sent care children lists to taxi firms https://t.co/g1pKQMDTnG,60
0.3612,0.0,0.737,@BBCNews,0.263,"Comedy actress Bella Emberg dies, aged 80 https://t.co/FryZzN4Pzq",61
0.2732,0.0,0.659,@BBCNews,0.341,Open Banking 'revolution' to challenge banks' dominance https://t.co/u2y4guQHqq,62
0.4576,0.0,0.864,@BBCNews,0.136,"RT @BBCNewsnight: ""We're in a really interesting space in the tech community right now"" - former Facebook executive @elinder talks to @davi‚Ä¶",63
-0.25,0.363,0.411,@BBCNews,0.226,"Snowdonia hoax caller jailed over ¬£32,000 mountain rescue https://t.co/3Ryxx1tBRL",64
-0.6124,0.267,0.733,@BBCNews,0.0,"Saturday's The Guardian: ""'UN: Trump's remarks 'racist and shameful'"" https://t.co/QRi4wdQTym #bbcpapers‚Ä¶ https://t.co/umZGYMveji",65
-0.3818,0.224,0.776,@BBCNews,0.0,"Saturday's The Sun: ""Dump Humph"" https://t.co/HFgpQe37rE #bbcpapers #tomorrowspaperstoday (via @BBCHelenaLee)",66
0.4215,0.0,0.714,@BBCNews,0.286,Royal Albert Hall referred to Charity Tribunal https://t.co/XzCxXOHKBG,67
-0.3818,0.191,0.809,@BBCNews,0.0,"Saturday's Express: ""Six rules to fight dementia"" https://t.co/GHxmsTzike #bbcpapers #tomorrowspaperstoday (via @BBCHelenaLee)",68
-0.3818,0.178,0.822,@BBCNews,0.0,"Saturday's Star: ""Have sex and beat the flu"" https://t.co/8Q5x0TYy85 #bbcpapers #tomorrowspaperstoday (via @BBCHelenaLee)",69
-0.5106,0.268,0.732,@BBCNews,0.0,"Saturday's Mirror: ""Chelsea N-word outrage"" https://t.co/C1Ok2qtaxb #bbcpapers #tomorrowspaperstoday (via @BBCHelenaLee)",70
-0.3818,0.178,0.822,@BBCNews,0.0,"Saturday's Telegraph: ""Chemists run short of flu jab"" https://t.co/gthjQplv1x #bbcpapers #tomorrowspaperstoday (via @BBCHelenaLee)",71
-0.2263,0.128,0.872,@BBCNews,0.0,"Saturday's Mail: Now Trump misses out on royal wedding"" https://t.co/HoVNWeLeop #bbcpapers #tomorrowspaperstoday (via @BBCHelenaLee)",72
-0.8481,0.427,0.573,@BBCNews,0.0,"i Weekend: ""Footballer calls on tech giants to tackle racist abuse"" https://t.co/jQA3CbEKiQ #bbcpapers‚Ä¶ https://t.co/sMsyewPuxH",73
0.4939,0.0,0.802,@BBCNews,0.198,"FT Weekend: ""Bankers urge Downing St to save Carillion"" https://t.co/E2xYXJDGIp #bbcpapers #tomorrowspaperstoday (via @BBCHelenaLee)",74
0.4215,0.0,0.741,@BBCNews,0.259,New homes sought for budgies rescued in Brighton https://t.co/oFpiJf12q4,75
0.0,0.0,1.0,@BBCNews,0.0,Trump's London tweet sparks social media parodies &amp; #ICancelledMyTripToLondon https://t.co/PH6mT1LSdR,76
0.0,0.0,1.0,@BBCNews,0.0,RT @danroan: REVEALED: UKAD slammed British Cycling for ‚Äúchaotic‚Äù medical storeroom and said its ‚Äòjiffy-bag‚Äô investigation had been ‚Äúhinder‚Ä¶,77
0.0,0.0,1.0,@BBCNews,0.0,"RT @BBCSport: Ryan Giggs and Craig Bellamy have both been interviewed for the Wales manager job. üëÄ

‚û°Ô∏è https://t.co/MV9q3voeoZ https://t.co‚Ä¶",78
0.3034,0.0,0.908,@BBCNews,0.092,"RT @danroan: EXCLUSIVE: the scathing letter  UKAD sent to British Cycling after the jiffybag inquiry that neither wanted you to see, &amp; whic‚Ä¶",79
0.0,0.0,1.0,@BBCNews,0.0,"RT @danroan: REVEALED: UKAD claimed its ‚Äòjiffy-bag‚Äô investigation had been ‚Äúhindered‚Äù and may have even been ‚Äúpotentially compromised"" by B‚Ä¶",80
0.0,0.0,1.0,@BBCNews,0.0,Speeding motorcyclist caught by own helmet camera https://t.co/k08qAv5eOd,81
-0.1027,0.113,0.887,@BBCNews,0.0,Nigel Farage 'has ¬£35k pay docked by EU over misspending claim' https://t.co/GBgbxb12y1,82
-0.4404,0.42,0.58,@BBCNews,0.0,RT @BBCBusiness: Carillion's woes https://t.co/Sq6MObTobp,83
0.1779,0.168,0.611,@BBCNews,0.221,"Missing girl Elliana Shand, 4, found safe in Spain https://t.co/QkZ5Cj4meV",84
0.0,0.0,1.0,@BBCNews,0.0,RT @BBCRealityCheck: Settling the debate over which president sold the #USembassy in London. @USAinUK @realDonaldTrump  @BarackObama #trump‚Ä¶,85
0.0258,0.204,0.583,@BBCNews,0.214,Nuneaton bowling alley siege: Man admits charges https://t.co/rZtO3P5Op8,86
-0.8176,0.556,0.444,@BBCNews,0.0,Razvan Sirbu murder: Two men found guilty https://t.co/P0PmaPapCG,87
-0.5423,0.304,0.696,@BBCNews,0.0,HMP Littlehey prisoner 'barricaded female officer' in cell https://t.co/JX0wV8GanY,88
0.7907,0.075,0.607,@BBCNews,0.318,"RT @BBCWorld: ""We celebrate Dr King for standing up for the self-evident truth Americans hold so dear, that no matter what the colour of ou‚Ä¶",89
-0.296,0.155,0.845,@BBCNews,0.0,RT @BBCtrending: Is it transphobic to refuse to date a trans woman? https://t.co/o1f6YTYOjx #CBBIndia,90
0.4588,0.0,0.727,@BBCNews,0.273,Crown jewels hidden in biscuit tin during WWII https://t.co/eDZ01QPLys,91
0.5334,0.0,0.723,@BBCNews,0.277,Big Brother star Rebekah Shelton not dead after 'hack' https://t.co/D9XXrSFjRb,92
0.0,0.0,1.0,@BBCNews,0.0,RT @BBCBusiness: Pound hits highest level since Brexit vote. Full details: https://t.co/HM795x2DCP https://t.co/bfL0smj5D1,93
0.0,0.0,1.0,@BBCNews,0.0,UPDATE: A video from the former Big Brother housemate Rebekah Shelton has disproved reports that she had died‚Ä¶ https://t.co/e1PwakXfKT,94
-0.6249,0.369,0.631,@BBCNews,0.0,Chelsea: Premier League club investigate racism allegations https://t.co/IbBujJPbqD,95
-0.4767,0.285,0.584,@BBCNews,0.131,Sophie Lionnet death: Couple admit burning French nanny's body https://t.co/gR621IhV2d,96
-0.4939,0.242,0.758,@BBCNews,0.0,KFC and Tesco machete robberies: Ex-rugby star Malcolm Alker jailed https://t.co/gJAWMmVMVk,97
-0.296,0.18,0.82,@BBCNews,0.0,Katie Hopkins refused libel appeal bid over Jack Monroe tweets https://t.co/7ave4cP8pW,98
-0.296,0.128,0.872,@BBCNews,0.0,"RT @bbcweather: Warnings issued for snow and ice next week. More details here
https://t.co/dEGls5x86D Jo https://t.co/IavTzLkZmU",99
-0.4019,0.252,0.748,@BBCNews,0.0,Man critically injured in blast at Yoker shops https://t.co/xFo4Bt2yVG,100
-0.6705,0.257,0.743,@CBSNews,0.0,"Married couple killed as Amtrak train hits SUV in N.C., authorities say https://t.co/FPMz3jUYLb https://t.co/RCOkQq9Kp6",1
-0.3612,0.185,0.815,@CBSNews,0.0,Motorist strikes officer before speeding off in NYC's Times Square https://t.co/M9jFmaWNbh https://t.co/i0a0x7lRcY,2
-0.7184,0.375,0.625,@CBSNews,0.0,Woman in Michigan faces charges in death of 2nd infant https://t.co/M50AmEf0Jc https://t.co/EwIwEjoQOV,3
0.0,0.0,1.0,@CBSNews,0.0,"Transcript: Sen. Tom Cotton on ""Face the Nation,"" Jan. 14, 2018 https://t.co/Ozz4tUiALF https://t.co/fZLC2zR0ZH",4
0.34,0.0,0.821,@CBSNews,0.179,"Vikings stun Saints, 29-24, with 61-yard touchdown on last play https://t.co/5vhZOLQXUl https://t.co/ZjziY4DxkU",5
0.0,0.0,1.0,@CBSNews,0.0,The American scientist who's seen North Korea's nuclear secrets https://t.co/KXwv4poO3M https://t.co/PqV6O5qcFf,6
-0.3182,0.161,0.839,@CBSNews,0.0,"Media outlets around the world struggle to translate Trump's ""sh*thole"" comments https://t.co/nIToi8d89Z https://t.co/xtS37YafCQ",7
0.0,0.0,1.0,@CBSNews,0.0,"Plane skids off runway in Turkey, comes to a rest on cliff https://t.co/11BnbBYs1H https://t.co/ZAWvCE8BCd",8
0.0,0.0,1.0,@CBSNews,0.0,Reflections from Afghanistan https://t.co/awlHj6pXwm https://t.co/jr3QQ8iq53,9
0.0,0.0,1.0,@CBSNews,0.0,Drawing the lines on gerrymandering https://t.co/aFi2sNK8Cc https://t.co/b1FU08Yshc,10
0.0,0.0,1.0,@CBSNews,0.0,Aziz Ansari responds to woman's claim of sexual misconduct https://t.co/oD4RUWfHYo https://t.co/sxv1FNiim1,11
0.0,0.0,1.0,@CBSNews,0.0,"Oprah Winfrey on ""Time's Up"": Where do we go from here? https://t.co/bB4sn21HFy https://t.co/82hHo946SD",12
-0.296,0.136,0.864,@CBSNews,0.0,"Sen. Joe Manchin: No senator would make up ""atrocious"" remark attributed to Trump https://t.co/J3eGgmG0rW https://t.co/tuYvIPzN5z",13
-0.3182,0.24,0.599,@CBSNews,0.162,U.K. party suspends leader's girlfriend over racist Meghan Markle remarks https://t.co/6Vu18bvGiS https://t.co/Pvneco0nFr,14
0.0,0.0,1.0,@CBSNews,0.0,"Jaguars edge out Steelers 45-42, will meet Patriots for AFC title game https://t.co/TQr5kInUoF https://t.co/Fjl9N5rLji",15
0.6298,0.089,0.66,@CBSNews,0.25,"""I am not a racist. I am the least racist person you have ever interviewed."" Pres. Trump responds to accusations of‚Ä¶ https://t.co/WpIzABa5zl",16
-0.8934,0.433,0.567,@CBSNews,0.0,Detectives probe claim that disgraced former politician Elliot Spitzer wanted to stab man during irate interaction‚Ä¶ https://t.co/sfXwigqrfA,17
0.4973,0.0,0.855,@CBSNews,0.145,President Trump says he's not a racist days after his reported use of vulgar language to describe immigrants from A‚Ä¶ https://t.co/k2ZZQM0UZK,18
0.1779,0.0,0.918,@CBSNews,0.082,Driver trying to make an escape in NYC's Times Square hit a police officer with his car before speeding off‚Ä¶ https://t.co/brvJXUDKli,19
-0.6908,0.275,0.725,@CBSNews,0.0,Former NBA star Dennis Rodman has been arrested on suspicion of DUI in Southern California https://t.co/a1Jrv9NEmv https://t.co/f23KGV8zmG,20
-0.6705,0.243,0.757,@CBSNews,0.0,"Married couple killed as Amtrak train hits SUV in North Carolina, authorities say https://t.co/0DMiXjvmxu https://t.co/tRxRokswIx",21
0.0,0.0,1.0,@CBSNews,0.0,"Is Portland still Portlandia? For years, the city has been the symbol for laid-back, inexpensive quirkiness, but it‚Ä¶ https://t.co/CIvb18AOmO",22
-0.128,0.077,0.923,@CBSNews,0.0,"It may mostly be propaganda when North Korea boasts about its nuclear capabilities, but one American scientist says‚Ä¶ https://t.co/phGnlcYC2S",23
-0.5994,0.157,0.843,@CBSNews,0.0,"In 16 years, the Afghan War has cost 2,400 American lives and $1 trillion. But with the country's capital under sie‚Ä¶ https://t.co/sTj39YAIae",24
0.2732,0.0,0.896,@CBSNews,0.104,"Portland is known for its civic responsibility and tolerant disposition. Yet last May, the city also witnessed a ho‚Ä¶ https://t.co/cYQMbwK08w",25
0.0,0.0,1.0,@CBSNews,0.0,"Footage shows firefighters responding to a casino boat engulfed in flames near Port Richey, Florida. Dozens of peop‚Ä¶ https://t.co/g2hOxRv8HO",26
0.4588,0.0,0.833,@CBSNews,0.167,North Korea has been boasting about its growing nuclear arsenal for years. To make sure the US got the message that‚Ä¶ https://t.co/t8qPSfrtMQ,27
-0.5994,0.163,0.837,@CBSNews,0.0,"The war in Afghanistan is the longest in US history. After 16 years, a trillion dollars and 2400 American lives, th‚Ä¶ https://t.co/BOYYHwOKVi",28
0.0,0.0,1.0,@CBSNews,0.0,Sen. Tom Cotton joined @FaceTheNation to discuss the immigration debate and the White House's handling of foreign h‚Ä¶ https://t.co/uVoEbWZCle,29
-0.5994,0.17,0.83,@CBSNews,0.0,The death toll in the California mudslides rises to 20 after another body was found during a search on Sunday.‚Ä¶ https://t.co/2KkvWZs2Yx,30
0.0,0.0,1.0,@CBSNews,0.0,WATCH: Vice President Mike Pence and Second lady Karen Pence lay a wreath at the Martin Luther King Jr. Memorial in‚Ä¶ https://t.co/HpAbOrhV3P,31
0.0,0.0,1.0,@CBSNews,0.0,Wake Island: Where America's day really begins (via @CBSSunday) https://t.co/GPySnDSyWU https://t.co/rWtcZILDIr,32
-0.6901,0.341,0.659,@CBSNews,0.0,"FCC chairman Ajit Pai slams ""absolutely unacceptable"" Hawaii missile false alarm https://t.co/yTkPbHRnpc https://t.co/bqICePUA9M",33
-0.7579,0.245,0.755,@CBSNews,0.0,WATCH: Five Axe-wielding thieves break into the Ritz Hotel in Paris and two get away with $5.4 million in stolen go‚Ä¶ https://t.co/JmRSdi1xtA,34
0.1779,0.071,0.82,@CBSNews,0.109,"Sharon Stone's second chance: The Oscar-nominated actress is back, following a serious brain hemorrhage, to star in‚Ä¶ https://t.co/Ovvt9WSfd6",35
-0.2732,0.152,0.739,@CBSNews,0.109,"Death toll from mudslides rises to 20 as recovery crews slowly make progress digging away masses of mud, boulders a‚Ä¶ https://t.co/QGVCrbk6vS",36
-0.296,0.104,0.896,@CBSNews,0.0,"""It was hurtful, it's harmful, it shouldn't have been said, but let's move on,"" Sen. Joe Manchin said on‚Ä¶ https://t.co/gz4EAGBvtQ",37
0.0,0.0,1.0,@CBSNews,0.0,How did this car go airborne and fly through a second story window? https://t.co/CQczupD4m0,38
-0.6705,0.216,0.784,@CBSNews,0.0,"""I didn't hear it, and I was sitting no further away from Donald Trump than Dick Durbin was,"" Sen. Tom Cotton says‚Ä¶ https://t.co/NOwrLcdh5t",39
0.3818,0.0,0.874,@CBSNews,0.126,"Sen. Cory Gardner told @FaceTheNation that the comments were ""unbecoming"" and that he hoped to ""move beyond"" it‚Ä¶ https://t.co/kb98yjUrYC",40
0.0,0.0,1.0,@CBSNews,0.0,Drawing the lines on gerrymandering: @MoRocca on the history and controversy surrounding the re-drawing of politica‚Ä¶ https://t.co/OwrdHEDlNb,41
0.0,0.0,1.0,@CBSNews,0.0,"Oprah Winfrey on ""Time's Up"": Where do we go from here? (via @CBSSunday)
https://t.co/3cgFP79Sfy https://t.co/ZJi03m9zYH",42
0.3535,0.073,0.782,@CBSNews,0.145,"POLL: On the issues looming now, most Americans - 70% - favor DACA. Among President Trump's backers, a slim majorit‚Ä¶ https://t.co/9tUVpsbLas",43
0.2023,0.0,0.917,@CBSNews,0.083,Two drivers found themselves sitting on top of their cars as 7 feet of water engulfed their vehicles after trying t‚Ä¶ https://t.co/37gX87ppMa,44
0.0,0.0,1.0,@CBSNews,0.0,"Almanac: ""Elvis: Aloha from Hawaii via Satellite"" (via @CBSSunday) https://t.co/HxFUnhSZhi https://t.co/iCOpn8Qxa7",45
0.4215,0.0,0.877,@CBSNews,0.123,WATCH: 21 crew members on board a bulk freighter were airlifted to safety after their ship collided with an oil tan‚Ä¶ https://t.co/LNnOkRiEMB,46
-0.6597,0.239,0.761,@CBSNews,0.0,"Magnitude 7.1 earthquake hits off Pacific coast of Peru, killing at least 1 person https://t.co/YvlLorUaMK https://t.co/SbOSXEl1vX",47
-0.1686,0.127,0.774,@CBSNews,0.1,"One year into Donald Trump's presidency, Americans feel more positive about the economy but not as good about the s‚Ä¶ https://t.co/ftyV4dKCXm",48
0.4404,0.0,0.884,@CBSNews,0.116,"This couple made good on their New Year's resolution to ""live in the moment"" when they pulled over on their way hom‚Ä¶ https://t.co/WpuNKbO9gf",49
0.0,0.0,1.0,@CBSNews,0.0,An airplane dangled precariously off a muddy cliff with its nose only a few feet from the Black Sea after skidding‚Ä¶ https://t.co/skg62YX7UH,50
0.0,0.0,1.0,@CBSNews,0.0,An airplane  skidded off a runway after landing in northern Turkey and dangled precariously off a muddy cliff with‚Ä¶ https://t.co/509jsHceLo,51
-0.3506,0.1,0.9,@CBSNews,0.0,Death toll from the Southern California mudslides rose to 19 on Saturday but a man who had also been on the list of‚Ä¶ https://t.co/JhNkyAHY0n,52
0.0,0.0,1.0,@CBSNews,0.0,"Bill Cosby: ""Don't put me on #MeToo"" https://t.co/BusCBZMIuU https://t.co/baoj9AxgBh",53
-0.3182,0.201,0.67,@CBSNews,0.128,"Doreen Tracey, one of the original Disney Mouseketeers, has died at 74 https://t.co/DnE7beprHW https://t.co/Au0jTxwI18",54
0.0,0.0,1.0,@CBSNews,0.0,Chelsea Manning files to run for Senate in Maryland https://t.co/yVuzVEFGNP https://t.co/Db7UzJSQFG,55
-0.3818,0.224,0.776,@CBSNews,0.0,2018 flu season appears to hit deadly peak https://t.co/bzLnii2DoX https://t.co/Nlc6lKopjN,56
-0.296,0.196,0.804,@CBSNews,0.0,Missouri Gov. Eric Greitens accused of slapping mistress https://t.co/1r62UQlZ0z https://t.co/EaZZZjexQE,57
0.0,0.0,1.0,@CBSNews,0.0,H&amp;M stores in South Africa stormed over monkey hoodie https://t.co/W7KuxYkD6G https://t.co/BH1l82QFt6,58
0.0,0.0,1.0,@CBSNews,0.0,Is your local Sam's Club closing? Check the reported closures list https://t.co/WQAxoofB8I https://t.co/aKsedcSEyW,59
-0.6124,0.267,0.733,@CBSNews,0.0,"African ambassadors to U.N. call President Trump's remark ""outrageous, racist"" https://t.co/sLtzXfGMxp https://t.co/ePIozIuVhc",60
-0.9246,0.488,0.512,@CBSNews,0.0,"Report: Killing of girl found burned called ""worst child death case"" Michigan has seen https://t.co/HYmoz26uBh https://t.co/adhnnksOL8",61
-0.0516,0.154,0.705,@CBSNews,0.141,Hawaii missile alert: FCC launches investigation into false ballistic missile warning https://t.co/ElCIQHtDSx https://t.co/yRNqWDhKxG,62
-0.1531,0.127,0.873,@CBSNews,0.0,Car passenger dies while stopping along Texas highway to urinate https://t.co/5ZQlO6Hpr8 https://t.co/MLpjG4eXhK,63
0.1027,0.162,0.649,@CBSNews,0.188,"Man who aided disoriented patient says ""she's doing a lot better"" https://t.co/1Qu0iO4pW5 https://t.co/9iqjaDacRs",64
-0.5574,0.365,0.635,@CBSNews,0.0,"President Trump cancels London trip, blames Obama administration https://t.co/f89KG3ujhd https://t.co/ACzfFDJNyT",65
-0.4588,0.25,0.75,@CBSNews,0.0,"Frustrations, dark discoveries mount for California mudslide town https://t.co/8HMjguLU5c https://t.co/BxDjj7YVBv",66
0.296,0.0,0.833,@CBSNews,0.167,Former U.S. Postal Service worker admits burning mail for months https://t.co/WwaDYvGk1P https://t.co/DSc8EgxfLt,67
-0.7579,0.484,0.516,@CBSNews,0.0,"Suspect in fatal ""SWATting"" call charged with involuntary manslaughter https://t.co/TsMTi8GiCC https://t.co/w6csyZuNqq",68
-0.5095,0.215,0.785,@CBSNews,0.0,"Paul Ryan calls President Trump's ""sh*thole"" comment ""very unfortunate"" and ""unhelpful"" https://t.co/CoKy77Mmku https://t.co/V8Zl9Ix6nk",69
0.0,0.0,1.0,@CBSNews,0.0,"Records: FBI knew Las Vegas gunman had stashes of big guns, ammunition, explosives https://t.co/91VlEx8Hdy https://t.co/sVdhkIVlLj",70
-0.4019,0.231,0.769,@CBSNews,0.0,President Trump's Norway immigration idea? There's one problem https://t.co/xRbPE8XReD https://t.co/Gs1RZDHkVZ,71
-0.9371,0.545,0.455,@CBSNews,0.0,Coach sentenced to death for rape and murder of girl he kidnapped on street https://t.co/QP39VZnrE7 https://t.co/1lJj9XEcbr,72
0.0,0.0,1.0,@CBSNews,0.0,"Pres. Trump's personal lawyer arranged hush money payment to porn star, according to Wall Street Journal report‚Ä¶ https://t.co/4jyWmz83G6",73
-0.3612,0.143,0.857,@CBSNews,0.0,White House struggles with muting function for 22 minutes on Iran conference call with reporters‚Ä¶ https://t.co/cOJhAmZduu,74
0.0,0.0,1.0,@CBSNews,0.0,Station cargo ship brings science down to Earth https://t.co/xhoGoiHAtw https://t.co/Wsk8492Lqt,75
0.5719,0.0,0.802,@CBSNews,0.198,"Doctor declares President Trump to be in ""excellent health"" after physical, White House says https://t.co/I00OihpD2A https://t.co/kOrSf20Rwe",76
0.0,0.0,1.0,@CBSNews,0.0,President Trump signs executive order addressing veteran suicides https://t.co/5NjSR2D07d https://t.co/KOMZlCigoC,77
0.5994,0.0,0.794,@CBSNews,0.206,Cindy Crawford recreates classic Pepsi ad with son Presley Gerber for Super Bowl 52 https://t.co/o9nGDHSpQJ https://t.co/eByiB1rVeC,78
0.0,0.0,1.0,@CBSNews,0.0,Czech President Milos Zeman to face runoff election https://t.co/nNFPWliRTH https://t.co/8cdAbUbrjQ,79
0.0,0.0,1.0,@CBSNews,0.0,Chelsea Manning files to run for Senate in Maryland https://t.co/SD26zSBIJU https://t.co/Gygzfqhh8Z,80
-0.6486,0.249,0.751,@CBSNews,0.0,Body cam video shows inside Arizona cabin where family was found dead https://t.co/VuEgUf9gM5 https://t.co/Ea6BsiNMVY,81
-0.5574,0.247,0.753,@CBSNews,0.0,"Keith Jackson, legendary college football announcer, has died at 89 https://t.co/fFrVljYKex https://t.co/u7znCBB8Dx",82
0.0,0.0,1.0,@CBSNews,0.0,Questions about President Trump overtake Republican Sen. Chuck Grassley's event in Iowa https://t.co/4R6LGeob5n https://t.co/Nkgg4Opvav,83
0.0,0.0,1.0,@CBSNews,0.0,Students who took couple's honeymoon story to heart take action https://t.co/4jgWsI9cVr https://t.co/XYZPvTEuQT,84
0.0,0.0,1.0,@CBSNews,0.0,"Meet the women who made Pentagon Papers drama ""The Post"" possible https://t.co/aH8lTBB5ee https://t.co/W8gegiNACs",85
-0.3182,0.201,0.67,@CBSNews,0.128,"Doreen Tracey, one of the original Disney Mouseketeers, has died at 74 https://t.co/ub7YLtq9AN https://t.co/2UuYcciuIA",86
-0.4019,0.283,0.576,@CBSNews,0.141,"Police plead for help finding missing infant twins as ""uncooperative"" parents jailed https://t.co/Zszt0lXR9U https://t.co/eTaiP7UCdA",87
0.3818,0.0,0.822,@CBSNews,0.178,Federal government says it will accept DACA applications after court order https://t.co/mYmMQ4WsKe https://t.co/DuiLZab2zc,88
-0.0516,0.154,0.705,@CBSNews,0.141,Hawaii missile alert: FCC launches investigation into false ballistic missile warning https://t.co/LQEML2OdxD https://t.co/6EoqkxVFWY,89
0.0,0.0,1.0,@CBSNews,0.0,What's the net impact of Walmart raising wages but closing Sam's Clubs? https://t.co/8abBOKVbXL https://t.co/CdrTTmGuuS,90
-0.8625,0.516,0.484,@CBSNews,0.0,Father who claimed girl choked on milk charged with murder https://t.co/SyDA3i0jDe https://t.co/sgi5wovtae,91
0.0,0.0,1.0,@CBSNews,0.0,New details in police chase of Greyhound bus with 40 people on board https://t.co/4Mn5PfLWUk https://t.co/HhL5QwLOOb,92
0.0,0.0,1.0,@CBSNews,0.0,Winter storm slams Tennessee and Kentucky https://t.co/LVv93uGeMH https://t.co/CtPiAw6n0D,93
-0.3818,0.224,0.776,@CBSNews,0.0,2018 flu season appears to hit deadly peak https://t.co/cVaq2tYvUC https://t.co/bRisti0APj,94
-0.6486,0.301,0.699,@CBSNews,0.0,2 children among the dead in triple homicide in Nashville https://t.co/S2piHLzfWr https://t.co/rhSFaQyNVd,95
0.0,0.0,1.0,@CBSNews,0.0,"Police: Aryan Nations gang member shot officer with shotgun in Tennessee, fled https://t.co/a9xmluApjM https://t.co/5YZwVsMNXR",96
-0.6124,0.267,0.733,@CBSNews,0.0,"African ambassadors to U.N. call President Trump's remark ""outrageous, racist"" https://t.co/TXX8ViphgK https://t.co/64NPV2QcjU",97
-0.5994,0.302,0.698,@CBSNews,0.0,Death toll rises to 19 in Montecito mudslides https://t.co/emRLNCVYO9 https://t.co/eXOjsD5VMN,98
0.0,0.0,1.0,@CBSNews,0.0,H&amp;M stores in South Africa stormed over monkey hoodie https://t.co/qQq5uOIG5t https://t.co/OCZUXYQeUI,99
0.0,0.0,1.0,@CBSNews,0.0,Is your local Sam's Club closing? Check the reported closures list https://t.co/Q3WAQ1A1k0 https://t.co/OrDarAI9JG,100
-0.6124,0.333,0.667,@CNN,0.0,Iceland made it illegal to pay women less than men https://t.co/sXpcdm3LZ0 https://t.co/TZtIPzSRV8,1
0.0,0.0,1.0,@CNN,0.0,High-level officials from North and South Korea are meeting again Monday -- a follow-up to last week's diplomatic b‚Ä¶ https://t.co/eqwHsPRxAS,2
0.0,0.0,1.0,@CNN,0.0,"Engineers sue Google, alleging that it discriminates against conservatives, white people and men‚Ä¶ https://t.co/yixAiMEcPo",3
0.5719,0.0,0.734,@CNN,0.266,Here is what it was like getting a false missile alert in Hawaii https://t.co/9nf6BXG20n (via @CNNOpinion),4
0.0772,0.0,0.925,@CNN,0.075,Palestinian Authority President Mahmoud Abbas appears to have confirmed reports that the Trump administration has e‚Ä¶ https://t.co/8dq8El6pT2,5
0.4973,0.0,0.861,@CNN,0.139,"""I am the least racist person you have ever interviewed."" 

US President Donald Trump tells reporters he is ""not a‚Ä¶ https://t.co/MtlXANYUbc",6
-0.4939,0.225,0.775,@CNN,0.0,Reuters chief says journalists jailed in Myanmar need the public https://t.co/AqoUUA021H https://t.co/Mb9DksdwZN,7
-0.7506,0.303,0.697,@CNN,0.0,Iran has released more than 400 people detained in anti-government protests that broke out across the country in la‚Ä¶ https://t.co/JWjB2FnbeX,8
0.0,0.0,1.0,@CNN,0.0,Diet Coke is introducing four new flavors and a skinnier can in a move targeted at Millennials‚Ä¶ https://t.co/AJCy2ZDJEW,9
-0.2023,0.114,0.886,@CNN,0.0,NBA Hall of Famer Dennis Rodman has been charged with DUI in California https://t.co/jUCB6rZpuZ https://t.co/oQ1MzmmfBi,10
-0.4939,0.211,0.789,@CNN,0.0,This is how people in Hawaii reacted to the missile scare https://t.co/RGxi6lzXEz https://t.co/7wbiOuYRPf,11
0.0,0.0,1.0,@CNN,0.0,Oil tanker burning in the East China Sea sinks https://t.co/fXyBozdAy7 https://t.co/TDxiPF4m3K,12
0.6209,0.066,0.701,@CNN,0.233,"As a citizen of Norway, I can tell you we're not flattered, but offended by President Trump's eagerness to have us‚Ä¶ https://t.co/ABxifbiD8Y",13
-0.34,0.136,0.794,@CNN,0.07,"Former US Defense Secretary Chuck Hagel called President Donald Trump ""an embarrassment"" and said he ""is doing grea‚Ä¶ https://t.co/RBu9ly88f8",14
0.6369,0.0,0.704,@CNN,0.296,Here's a 2018 guide to Macau's best casinos https://t.co/NxOy7F0bLZ via @CNNTravel https://t.co/qiKuWFw8sY,15
-0.4019,0.231,0.769,@CNN,0.0,Pope Francis faces tensions on South America trip https://t.co/fgCzAXzNp2 https://t.co/nWNbl5PRMN,16
0.0,0.0,1.0,@CNN,0.0,The NFL playoff game between the Pittsburgh Steelers and Jacksonville Jaguars went off without a hitch Sunday after‚Ä¶ https://t.co/W8Cxr9AyxG,17
-0.4404,0.139,0.861,@CNN,0.0,Republican Sen. Jeff Flake expected to deliver floor speech comparing Donald Trump's attacks on media to the rhetor‚Ä¶ https://t.co/YdvUmj4SWe,18
0.7506,0.0,0.766,@CNN,0.234,"Pope Francis' trip to South America this week is supposed to be all about peace, unity and hope. But the pontiff co‚Ä¶ https://t.co/7ahjjpVlOA",19
-0.5423,0.41,0.432,@CNN,0.158,What went wrong with Hawaii's false emergency alert https://t.co/fjy61y5FMG,20
0.0,0.0,1.0,@CNN,0.0,Lawmakers bemoan backlash over President Trump's comments amid bipartisan push for DACA deal https://t.co/D7aieSPe9j https://t.co/GhpLsBugxt,21
-0.6908,0.231,0.769,@CNN,0.0,This is how the missile detection and emergency messaging systems are supposed to work ‚Äî and what went wrong in Haw‚Ä¶ https://t.co/7iVBPidjFw,22
0.0,0.0,1.0,@CNN,0.0,"'This place is a shithole' projected onto Trump hotel, with emojis https://t.co/DWVdDmSPUk",23
0.1779,0.0,0.909,@CNN,0.091,"A growing movement is targeting single-use plastic straws, which are not recyclable and often end up littering the‚Ä¶ https://t.co/IdAcBXI7vh",24
0.0,0.0,1.0,@CNN,0.0,"Donald Trump owes each and every American money, writes Dean Obeidallah for @CNNOpinion https://t.co/m6JA2YQRuw https://t.co/HIKd2YKp2g",25
0.0772,0.0,0.925,@CNN,0.075,Palestinian Authority President Mahmoud Abbas appears to have confirmed reports that the Trump administration has e‚Ä¶ https://t.co/IarWjcTR36,26
0.296,0.0,0.891,@CNN,0.109,"""They made a mistake."" Donald Trump makes first comments about the false ballistic missile alert sent out by Hawaii‚Ä¶ https://t.co/h2DXwJFtX2",27
-0.6705,0.243,0.757,@CNN,0.0,Nearly 180 people have been killed in Syria's Eastern Ghouta in two weeks https://t.co/h12qDm3sdI https://t.co/H47o7fn2u4,28
0.4215,0.0,0.882,@CNN,0.118,"A member of Qatar's royal family has said he is being held against his will in the United Arab Emirates, a claim di‚Ä¶ https://t.co/oZpLazCALD",29
0.0,0.0,1.0,@CNN,0.0,US President Donald Trump defended himself on Sunday night after several days of controversy over his remarks about‚Ä¶ https://t.co/fDuwcKRkc9,30
0.0,0.0,1.0,@CNN,0.0,A bipartisan group of New Jersey elected officials has teamed up to oppose President Trump's offshore drilling prop‚Ä¶ https://t.co/CGFm69CuTg,31
0.4973,0.0,0.861,@CNN,0.139,"""I am the least racist person you have ever interviewed."" 

US President Donald Trump tells reporters he is ""not a‚Ä¶ https://t.co/lVHf3DgznS",32
-0.4404,0.146,0.854,@CNN,0.0,Republican Sen. Jeff Flake of Arizona is expected to deliver a floor speech comparing President Trump's attacks on‚Ä¶ https://t.co/vgFoMBXH6Z,33
0.1027,0.125,0.729,@CNN,0.146,"Passengers swim to safety after fire on casino shuttle boat north of Tampa, Florida https://t.co/cL1r0pLwhh https://t.co/bvSiNqZt64",34
0.0,0.0,1.0,@CNN,0.0,Facebook COO Sheryl Sandberg and Twitter CEO Jack Dorsey are off Disney's board https://t.co/U8ju0MmpcP https://t.co/nupNfNTEpB,35
0.6209,0.066,0.701,@CNN,0.233,"As a citizen of Norway, I can tell you we're not flattered, but offended by President Trump's eagerness to have us‚Ä¶ https://t.co/xfkngzkOJ5",36
0.1531,0.0,0.897,@CNN,0.103,"Republican Rep. Trey Gowdy steps down from the House Ethics Committee, citing ""challenging workload""‚Ä¶ https://t.co/P6KESVqIna",37
0.4019,0.0,0.863,@CNN,0.137,"Former Secretary of State Condoleezza Rice says ""nobody should try to impede"" special counselor Robert Mueller's in‚Ä¶ https://t.co/XJhwoPl8b9",38
0.5719,0.0,0.734,@CNN,0.266,Here is what it was like getting a false missile alert in Hawaii https://t.co/Fdb5p3gkB8 (via @CNNOpinion),39
-0.4215,0.26,0.63,@CNN,0.11,Former President Bill Clinton has denied accusations that his charity used donations for Haiti to pay for his daugh‚Ä¶ https://t.co/QMdhhtwj2s,40
-0.1779,0.204,0.637,@CNN,0.159,What it was like in Hawaii during the missile scare https://t.co/3LvS91y137 https://t.co/g3Cw5D8U0r,41
0.4939,0.0,0.856,@CNN,0.144,"Former Massachusetts Gov. Mitt Romney texted a friend that he plans to run for Senate this year, according to a new‚Ä¶ https://t.co/R8RHd5PGWJ",42
0.0,0.0,1.0,@CNN,0.0,"Bill Murray debuts his Steve Bannon on ""SNL"" https://t.co/t7fEoWSvfv https://t.co/JHHg3LDfMy",43
0.0,0.0,1.0,@CNN,0.0,Ford brings back the Ranger https://t.co/jsXQSDFQkl https://t.co/LpV0jNTNC0,44
-0.34,0.112,0.888,@CNN,0.0,"FCC Chairman Ajit Pai says an investigation into Hawaii's false missile alarm already is showing the state lacked ""‚Ä¶ https://t.co/VRnQ8zSMkN",45
0.0,0.0,1.0,@CNN,0.0,Oil tanker burning in the East China Sea sinks https://t.co/1euEe3p3y3 https://t.co/QUDB7SLb4J,46
-0.2023,0.114,0.886,@CNN,0.0,NBA Hall of Famer Dennis Rodman has been charged with DUI in California https://t.co/SC7WVnV5mv https://t.co/UXDeY8UTdY,47
0.0,0.0,1.0,@CNN,0.0,"""The Handmaid's Tale"" season 2 has a premiere date https://t.co/tsr3hqVPP1 https://t.co/Jfd9dryyZd",48
0.0,0.0,1.0,@CNN,0.0,"Former Secretary of State Condoleezza Rice says North Korean leader Kim Jong Un is ""turning out, much more so than‚Ä¶ https://t.co/IugCXWZdrK",49
-0.6908,0.251,0.749,@CNN,0.0,"Iranian President Hassan Rouhani says President Trump ""failed"" to kill off nuclear deal https://t.co/ie86Cf9DRu https://t.co/a1z7oSG0ln",50
-0.7579,0.302,0.698,@CNN,0.0,At least 20 people are dead and others still are missing after mudslides in Southern California‚Ä¶ https://t.co/U41PcnfZht,51
-0.2263,0.16,0.84,@CNN,0.0,Tunisia plans social reforms in the wake of protests https://t.co/uTraFXWzLL https://t.co/wQmR2eFtbR,52
-0.0772,0.157,0.843,@CNN,0.0,A deadly earthquake has shaken southern Peru https://t.co/f8ViS6UPT5 https://t.co/s8A2ivDlAD,53
-0.4939,0.151,0.849,@CNN,0.0,The Israeli military says it has destroyed a mile-long tunnel that stretched from Gaza under Israel and into Egypt‚Ä¶ https://t.co/LG3UgVMfc6,54
0.0,0.0,1.0,@CNN,0.0,He's from El Salvador. They're American. President Trump could separate them. https://t.co/OvJP8k1bHU https://t.co/rRQ6ri7xdS,55
0.717,0.0,0.685,@CNN,0.315,"Don't be fooled. Wall Street, not Main Street, is the big tax winner. https://t.co/zk9AqIAUDQ https://t.co/S3ukij0Cpr",56
0.0,0.0,1.0,@CNN,0.0,"Bobby Zarin, the husband of former ""The Real Housewives of New York City"" cast member, dies at 71‚Ä¶ https://t.co/AwSDzy82zA",57
-0.34,0.146,0.854,@CNN,0.0,"Democratic Rep. Tulsi Gabbard says the false ballistic missile warning in Hawaii was ""unacceptable""‚Ä¶ https://t.co/kHHpFrh498",58
-0.6486,0.323,0.677,@CNN,0.0,"President Trump tweets that ""DACA is probably dead"" https://t.co/S3ltZk6F8Z https://t.co/vPh2oQy8gL",59
-0.4588,0.158,0.842,@CNN,0.0,The White House has attacked the Wall Street Journal over an interview with President Trump https://t.co/i29jaWA1IA https://t.co/YJozfX2soe,60
0.0,0.0,1.0,@CNN,0.0,"Republican Sen. David Perdue says President Trump didn't use the phrase ""shithole countries"" during a meeting with‚Ä¶ https://t.co/OEefLfAHVy",61
0.3612,0.0,0.884,@CNN,0.116,"""[President Trump has] to understand this is a grown-up job, and he's got to start acting like it."" Former Virginia‚Ä¶ https://t.co/exca8uuMDt",62
0.0,0.0,1.0,@CNN,0.0,"Democratic Rep. John Lewis calls President Trump ""racist"" and says he won't vote on government funding without DACA‚Ä¶ https://t.co/mLplHlthib",63
0.4404,0.0,0.813,@CNN,0.187,"It's important for news audiences to hear certain words in association with President Trump, writes Jeff Yang for‚Ä¶ https://t.co/mpxMdRieqd",64
0.4588,0.098,0.714,@CNN,0.188,"""I can't defend the indefensible."" Republican Rep. Mia Love, the first Haitian-American elected to Congress, says P‚Ä¶ https://t.co/yPnwiMz2Ib",65
-0.1531,0.082,0.918,@CNN,0.0,".@FareedZakaria on Trump: ""We appear to have returned to the 1920s. An era of unrestrained capitalism, giddy market‚Ä¶ https://t.co/WzxflpapIp",66
0.0772,0.0,0.925,@CNN,0.075,".@jaketapper: Are you going to challenge Trump in 2020?

@TerryMcAuliffe: ‚ÄúI‚Äôm doing a big project on redistricting‚Ä¶ https://t.co/B2ON5LxZRJ",67
0.34,0.0,0.862,@CNN,0.138,".@jaketapper: ‚ÄúDo you think President Trump is a racist?‚Äù

Former Virginia Gov. @TerryMcAuliffe: ‚ÄúI certainly think‚Ä¶ https://t.co/yIqzFvlA0k",68
-0.5267,0.185,0.815,@CNN,0.0,"Former Virginia Gov. Terry McAuliffe on President Trump‚Äôs immigration comments: ‚ÄúDisgraceful, disgusting. He just c‚Ä¶ https://t.co/RGOEtY7wRR",69
-0.3182,0.176,0.705,@CNN,0.119,".@jaketapper: ‚ÄúWere the comments racist, do you think?‚Äù

@RepMiaLove: ‚ÄúWell, I think they were, yes. I think they w‚Ä¶ https://t.co/VQfIAJKYoR",70
0.4588,0.094,0.726,@CNN,0.179,"Haitian-American GOP Rep. Mia Love on President Trump‚Äôs immigration comments: ""At this point we can't look to Washi‚Ä¶ https://t.co/jNo7JeVHSm",71
0.5267,0.082,0.709,@CNN,0.209,GOP Rep. Mia Love on President Trump: ‚ÄúI still think that he should apologize. I think that there are people that a‚Ä¶ https://t.co/gycLJk6R57,72
-0.8735,0.369,0.631,@CNN,0.0,"Rep. Tulsi Gabbard: ‚ÄúThe fact that these processes failed so epically that caused this trauma, caused this terror a‚Ä¶ https://t.co/ecg2MDHKTe",73
-0.4019,0.171,0.829,@CNN,0.0,Hawaii Rep. Tulsi Gabbard on the false missile warning: ‚ÄúThis was unacceptable that this happened but it really hig‚Ä¶ https://t.co/qrmIaloSqR,74
0.2732,0.0,0.884,@CNN,0.116,"The Trump administration has eliminated or replaced references to climate change, renewable energy and similar topi‚Ä¶ https://t.co/7yDrbsWzEW",75
0.0,0.0,1.0,@CNN,0.0,"In a 1999 interview with Larry King, Donald Trump said that his first choice for a running mate would be Oprah Winf‚Ä¶ https://t.co/17GVsjc7Q2",76
-0.7269,0.217,0.783,@CNN,0.0,"Dr. Allen Frances on Donald Trump: ""It's an insult to the mentally ill to say that the reason he shouldn't be in of‚Ä¶ https://t.co/Hca2Huxxif",77
0.0,0.0,1.0,@CNN,0.0,'The Boondocks' predicted an Oprah 2020 win... 12 years ago https://t.co/EZJ4VF6s3A https://t.co/tgkKE9hWAj,78
-0.1695,0.074,0.926,@CNN,0.0,The US will not be prepared to defend against possible Russian meddling in the 2018 midterm elections or the 2020 p‚Ä¶ https://t.co/j3xp6w0g9T,79
-0.4588,0.2,0.8,@CNN,0.0,This teacher stood up at a school board meeting to criticize a superintendent's pay raise. Then she was handcuffed.‚Ä¶ https://t.co/HGyOReTPo0,80
0.0,0.0,1.0,@CNN,0.0,A Republican Kansas lawmaker stepped down from a leadership position after he said African-Americans were more susc‚Ä¶ https://t.co/N7MCynXktT,81
0.6486,0.0,0.762,@CNN,0.238,"With a net worth of more than $105 billion, Jeff Bezos is now the richest person in history https://t.co/LvbIp13wU5 https://t.co/7JnaQdO7Fv",82
-0.5106,0.148,0.852,@CNN,0.0,"""This f------ idiot is the president. It's The Emperor's New Clothes -- the guy is a f------ fool... our baby-in-ch‚Ä¶ https://t.co/y4rvw4Fsbf",83
0.0,0.0,1.0,@CNN,0.0,"The Trump administration, citing a federal court order, resumes receiving renewal applications for individuals elig‚Ä¶ https://t.co/gZsdF9mqHS",84
0.0,0.0,1.0,@CNN,0.0,"Thailand‚Äôs prime minister sets up a cardboard cutout of himself at a press event, tells reporters to direct their q‚Ä¶ https://t.co/w8xw8YO3AX",85
0.3612,0.0,0.865,@CNN,0.135,"H&amp;M apologizes for using a black child to model a sweatshirt with a ""coolest monkey in the jungle"" slogan‚Ä¶ https://t.co/Mgz1ouN9D5",86
-0.128,0.136,0.751,@CNN,0.113,A series of attacks on Catholic churches have prompted Chilean authorities to review security ahead of Pope Francis‚Ä¶ https://t.co/DE9nlxPZMG,87
0.2023,0.0,0.899,@CNN,0.101,Pope Francis once again tells breastfeeding moms it's fine to feed hungry babies in church https://t.co/LpzwqMHzZO https://t.co/fbBpVcqrOd,88
0.0,0.0,1.0,@CNN,0.0,The closure of a coal mine near the Pennsylvania-West Virginia border will wipe out many of President Trump's coal‚Ä¶ https://t.co/JekK5EMLEF,89
0.0,0.0,1.0,@CNN,0.0,"Thailand‚Äôs prime minister sets up a cardboard cutout of himself at a press event, tells reporters to direct their q‚Ä¶ https://t.co/Cn5cyOzRAx",90
0.0,0.0,1.0,@CNN,0.0,These lawmakers were in the Trump immigration meeting. Here's what they had to say. https://t.co/nfxkjegA2O https://t.co/vR0lkq6OF4,91
-0.7845,0.266,0.734,@CNN,0.0,"""This is the real face of Donald Trump -- the face of hate, racism"": President Trump's disparaging remarks bring so‚Ä¶ https://t.co/4Iz8pT1w2n",92
0.0,0.0,1.0,@CNN,0.0,It snowed in one of the hottest places in the world https://t.co/8W0bKEHehw https://t.co/jliVuTqTIj,93
0.0516,0.155,0.644,@CNN,0.201,"The United States has the worst overall child mortality rate compared with those of 19 other wealthy nations, accor‚Ä¶ https://t.co/zwj8tNgyFB",94
0.0,0.0,1.0,@CNN,0.0,"Meet Kathryn Smith, the first woman to become a full-time coach in the NFL.

#BossFiles with @PoppyHarlowCNN: 

Lis‚Ä¶ https://t.co/g40ZCqD3qm",95
-0.7096,0.282,0.718,@CNN,0.0,"H&amp;M closes all its stores in South Africa after destructive protesters reportedly swarmed several locations, reacti‚Ä¶ https://t.co/iPzvCvVjYL",96
0.0,0.0,1.0,@CNN,0.0,"A man who was involved with neo-Nazi groups and who attended a ""Unite the Right"" rally in Charlottesville has been‚Ä¶ https://t.co/jEewU9qm1R",97
0.6486,0.0,0.762,@CNN,0.238,"With a net worth of more than $105 billion, Jeff Bezos is now the richest person in history https://t.co/h02wMDKSCF https://t.co/QrD5y5O5F2",98
-0.5106,0.202,0.798,@CNN,0.0,Mark Wahlberg says he'll donate $1.5 million in Michelle Williams' name following criticism over a gender pay gap f‚Ä¶ https://t.co/RhYpBO9BpF,99
0.0,0.0,1.0,@CNN,0.0,"They're nurses, accountants, students.

Some of them come from places that President Trump has reportedly called ""s‚Ä¶ https://t.co/BEg2YGq28P",100
-0.3818,0.178,0.822,@FoxNews,0.0,.@JustinTrudeau on Abortion: 'Restricting Women's Rights' Not In Line With Society https://t.co/IluBxuENNq https://t.co/VnxwIlEiIU,1
-0.5574,0.194,0.806,@FoxNews,0.0,".@MarkSKrikorian: ""The average illegal immigrant costs taxpayers, over his lifetime... $75,000 - and that's just th‚Ä¶ https://t.co/BTorUZ17zo",2
0.4588,0.0,0.842,@FoxNews,0.158,".@Nissan Chairman Carlos Ghosn: ""As a businessperson I just applaud this economy... You need to give this President‚Ä¶ https://t.co/qhuMKmmqcP",3
0.4973,0.0,0.848,@FoxNews,0.152,".@DiamondandSilk: ""@realDonaldTrump is not a racist. He's a realist. And the only color he sees is green and he wan‚Ä¶ https://t.co/Ws3F2vRYdP",4
0.0,0.125,0.75,@FoxNews,0.125,".@CortesSteve: Instead of criticizing Trump on immigration issues, we should thank him for doing his job‚Ä¶ https://t.co/IqxkPC9sln",5
-0.2924,0.166,0.834,@FoxNews,0.0,".@Varneyco: ""President Trump is not getting the credit that he deserves."" https://t.co/vhprbO6t4z",6
-0.4767,0.162,0.838,@FoxNews,0.0,Poll: Do you think race relations in the U.S. are getting worse or staying the same? https://t.co/6aTtYMHtKF,7
0.0,0.0,1.0,@FoxNews,0.0,First indictment in Uranium One probe. https://t.co/UTTuQiMz1T,8
-0.34,0.118,0.882,@FoxNews,0.0,".@AlvedaCKing: ""Uncle ML, Martin Luther King Jr., was considered to be an agitator, an outsider sometimes - and it‚Ä¶ https://t.co/MAngCMLt55",9
-0.3818,0.178,0.822,@FoxNews,0.0,.@JustinTrudeau on Abortion: 'Restricting Women's Rights' Not In Line With Society https://t.co/IluBxuENNq https://t.co/FiPWlBBiZs,10
0.0,0.0,1.0,@FoxNews,0.0,".@DennisPrager: ""Folks on the left are trying to do on the Internet at @Google‚Äã-@YouTube... what the left is doing‚Ä¶ https://t.co/QfM4WipHvc",11
0.4939,0.0,0.775,@FoxNews,0.225,"On @foxandfriends, @Varneyco praised the economic impact of President @realDonaldTrump. https://t.co/Tq0Mvlvgma https://t.co/JeGOy52MLk",12
-0.4939,0.176,0.824,@FoxNews,0.0,".@NigerInnisCORE: ""It could be a raining thunderstorm outside and @POTUS could give Lewis and 'Mad Max'‚Ä¶ https://t.co/eIFGqWvjNa",13
-0.1531,0.19,0.652,@FoxNews,0.158,Poll: Do you think race relations in the U.S. are good or bad? https://t.co/ydWt1XLpQr,14
0.0,0.0,1.0,@FoxNews,0.0,"This morning, President @realDonaldTrump declared that ""DACA is probably dead."" https://t.co/rmJNZSMcH1 https://t.co/iMXz7UKLIg",15
0.3612,0.0,0.884,@FoxNews,0.116,".@DiamondandSilk: ""It sounds like @BarackObama is living on a planet in La La Land. He's the one who's running arou‚Ä¶ https://t.co/cSbitN4GZo",16
-0.6124,0.267,0.733,@FoxNews,0.0,"On @FoxNewsSunday, California @AGBecerra stated that President @realDonaldTrump is a racist. https://t.co/uWy1ElA9il https://t.co/6BZiApqAL4",17
-0.7048,0.218,0.782,@FoxNews,0.0,"Joe Arpaio on running for Senate in Arizona: ""I never had a hero, it took me 75 years to find a hero, and that's‚Ä¶ https://t.co/3ikhbqRzNq",18
0.0,0.0,1.0,@FoxNews,0.0,"Drugged driver crashes car into second story of California building, officials say https://t.co/wUmpA3CPHT",19
-0.296,0.167,0.833,@FoxNews,0.0,Georgia high school janitor accused of spying on girl's locker room https://t.co/noz0j8ezp2,20
0.1531,0.0,0.882,@FoxNews,0.118,"Palestinian leader Abbas rips Trump, vows 'we will slap back' at president https://t.co/9jOdqPJCKb",21
-0.079,0.116,0.884,@FoxNews,0.0,Thai junta boss eyes staying on with little stopping him https://t.co/wnTAXck6Qy,22
0.0,0.0,1.0,@FoxNews,0.0,"Rescuers search homes off East Valley Road in Montecito, California after deadly mudslides pummeled parts of Southe‚Ä¶ https://t.co/TFhJjYDoUc",23
-0.7579,0.371,0.629,@FoxNews,0.0,Hawaii's false missile threat: Worker who pushed wrong button to be reassigned https://t.co/eHb9oquMzb,24
-0.4215,0.196,0.714,@FoxNews,0.089,"GOP senator Perdue comes to Trump's defense after 's---hole' outcry, questions Durbin's credibility https://t.co/27zpSBRH9l",25
0.0,0.125,0.75,@FoxNews,0.125,".@CortesSteve: Instead of criticizing @realDonaldTrump on immigration issues, we should thank him for doing his job https://t.co/0veqK9tX4p",26
0.0,0.0,1.0,@FoxNews,0.0,"RT @FoxNewsResearch: ISIS-related cases in the U.S. ‚Üí
‚Ä¢42% of cases involved individuals born outside U.S.
‚Ä¢Most common countries of origin‚Ä¶",27
0.1139,0.0,0.929,@FoxNews,0.071,JANUARY 20th: @TeamCavuto is LIVE in Washington for 2 hours - Don't miss #Cavuto Live every Saturday from 10a to 12‚Ä¶ https://t.co/BpGDGHakWQ,28
-0.6908,0.322,0.678,@FoxNews,0.0,Liam Neeson sees 'a bit of a witch hunt' in Hollywood's sexual misconduct scandals https://t.co/lEs1xT2eu8,29
0.0,0.0,1.0,@FoxNews,0.0,Medieval Times introduces female lead for first time in 34-year history https://t.co/vAd5UOTRZu,30
0.0,0.0,1.0,@FoxNews,0.0,Koreas discuss Northern art troupe's planned visit during Olympics https://t.co/6YDNdPJYKq,31
0.0,0.0,1.0,@FoxNews,0.0,".@ConanOBrien jabs @realDonaldTrump, announces he's taking his show to Haiti https://t.co/JlPGH4gvzM",32
0.0,0.0,1.0,@FoxNews,0.0,".@LucyFlores on DACA: ""You're not against Dreamers because you're not for spending unnecessary tax dollars... what‚Ä¶ https://t.co/J7w7vLw0Uc",33
-0.1154,0.083,0.854,@FoxNews,0.063,".@jasoninthehouse on DACA: ""I do think think we can actually solve these problems but the Democrats have gotta be t‚Ä¶ https://t.co/WjiGLFq48e",34
-0.7845,0.33,0.67,@FoxNews,0.0,.@realDonaldTrump denied claims that he's a racist following allegations of a vulgar comment that lawmakers said he‚Ä¶ https://t.co/BXbV7lYAGA,35
0.0,0.0,1.0,@FoxNews,0.0,".@jasoninthehouse: ""The fact that [@POTUS] is actually talking about [DACA] and the Democrats don't even wanna show‚Ä¶ https://t.co/8WXJmMPLTQ",36
0.5423,0.0,0.769,@FoxNews,0.231,".@LisaMarieBoothe on DACA: ""Democrats and [@POTUS] are pretty far apart about what they want to accomplish.""‚Ä¶ https://t.co/NI1ORHba65",37
-0.3818,0.224,0.776,@FoxNews,0.0,Minnesota Vikings shock New Orleans Saints with final-play TD https://t.co/bdbAPyi6d9,38
-0.6705,0.333,0.667,@FoxNews,0.0,"Aziz Ansari responds to accusation of sexual harassment by NYC woman, 23 https://t.co/UO4X2TcGei",39
0.5719,0.0,0.802,@FoxNews,0.198,"Civil Rights Attorney Leo Terrell: ""Middle America loves @Oprah, and that's Donald #Trump's biggest fear.""‚Ä¶ https://t.co/JPAwGvUyTh",40
0.6908,0.0,0.759,@FoxNews,0.241,".@RedPillBlack: ""I don't think the Democratic Party cares so much what [@Oprah] knows, they think about what she re‚Ä¶ https://t.co/Ljg0gXHGvc",41
0.4585,0.074,0.73,@FoxNews,0.196,".@POTUS says Dems don't want to make DACA deal, adds he's 'not a racist' https://t.co/fazwUGaT6N",42
-0.0516,0.145,0.723,@FoxNews,0.133,Jim Carrey and other stars share updates from Hawaii following ballistic-missile false alarm https://t.co/KSNTUmFT0R,43
0.0,0.0,1.0,@FoxNews,0.0,"Civil Rights Attorney Leo Terrell: ""@Oprah has likability. In the last 24 hours, Donald #Trump doesn't have that. T‚Ä¶ https://t.co/bLskyWYGO7",44
0.2598,0.0,0.898,@FoxNews,0.102,"OPINION: Baby steps, America. The 'but so-and-so did it first!' defense is for toddlers, not national discourse (vi‚Ä¶ https://t.co/p7SeibPV3G",45
0.0,0.0,1.0,@FoxNews,0.0,Canada's Trudeau: 'Removing Access to Abortion' Not In Line With Society https://t.co/IluBxuncVS,46
0.0,0.0,1.0,@FoxNews,0.0,University to review appearance by @benshapiro https://t.co/yCReTZKZWn,47
0.6124,0.0,0.789,@FoxNews,0.211,".@GaryKaltbaum: ""This whole tax thing has been not just a home run, but a grand slam."" https://t.co/VDfTaaDh50 https://t.co/LGawc1qnBI",48
-0.3182,0.192,0.72,@FoxNews,0.088,Casino boat catches fire off Florida with 50 passengers aboard https://t.co/cvTRuWVaoe,49
0.0,0.0,1.0,@FoxNews,0.0,"Moments ago, President @realDonaldTrump answered reporter questions about DACA as a government shutdown looms.‚Ä¶ https://t.co/fXSBPIvUjU",50
-0.4767,0.256,0.744,@FoxNews,0.0,"Colorado nurse, 20, dies in bungee jumping accident https://t.co/IJQiEwGB96 #FoxNewsUS",51
0.8519,0.0,0.593,@FoxNews,0.407,"RT @EricShawnTV: ""We thank President Trump,""say #IranProtesters, who praise the American public for their support.  Here's my exclusive wit‚Ä¶",52
0.0,0.0,1.0,@FoxNews,0.0,".@POTUS: ""The folks from DACA should know the Democrats are the ones that aren't going to make a deal.""‚Ä¶ https://t.co/HdDOBtYCWc",53
0.3612,0.0,0.815,@FoxNews,0.185,".@POTUS: ""We're ready, willing and able to make a deal on DACA."" https://t.co/DAb1fmVnvw",54
0.128,0.0,0.914,@FoxNews,0.086,"Defense Attorney Robert Schalk on possible #Trump interview with Mueller: ""[@POTUS] could be opening himself up...t‚Ä¶ https://t.co/5FHthYxRfG",55
-0.4588,0.25,0.75,@FoxNews,0.0,".@POTUS criticizes Democrats over DACA as government shutdown looms, Phil Keating reports. https://t.co/JejH8Wa6XM https://t.co/nyNRSCFSLt",56
-0.4404,0.292,0.564,@FoxNews,0.144,Eliza Dushku: 'True Lies' stunt coordinator Joel Kramer molested me when I was 12 https://t.co/suuRJ89MXV,57
-0.25,0.1,0.9,@FoxNews,0.0,".@gen_jackkeane on talks between North Korea and South Korea: ""We need to have some skepticism about these negotiat‚Ä¶ https://t.co/3xGbT3o8CW",58
0.4019,0.0,0.886,@FoxNews,0.114,"RT @FoxNewsResearch: World‚Äôs Largest Active Armed Forces:
1. China: 2.3 million
2. India: 1.4 million
3. U.S.: 1.3 million
4. North Korea:‚Ä¶",59
0.395,0.0,0.78,@FoxNews,0.22,Liam Neeson believes gender wage gap is 'disgraceful' but will not take a pay cut https://t.co/oFDyM5O7vD,60
-0.8519,0.383,0.617,@FoxNews,0.0,".@gen_jackkeane on Hawaii's false missile threat: ""They made a mistake here and they [have] a bad system. They [hav‚Ä¶ https://t.co/nCTNAdtS6m",61
0.0,0.0,1.0,@FoxNews,0.0,".@gen_jackkeane: ""We have the capacity to track any missile launch, any place in the world, through our satellites‚Ä¶ https://t.co/j6IA3W2r5f",62
0.0772,0.0,0.933,@FoxNews,0.067,OPINION: Want to live longer? The US system of free-market investment in cures is the answer (via @FoxNewsOpinion) https://t.co/mbJUyAUvyw,63
-0.5423,0.293,0.637,@FoxNews,0.07,Casino boat catches fire off Florida with 50 passengers aboard; 1 reported missing https://t.co/yWlg0XX9j5,64
0.5106,0.111,0.585,@FoxNews,0.304,"Anti-government protesters in Iran thank President #Trump for his support, @EricShawnTV reports.‚Ä¶ https://t.co/Fdk9huX1ZA",65
-0.8625,0.49,0.51,@FoxNews,0.0,Hawaii's false missile threat: Worker 'feels terrible' after pushing the wrong button https://t.co/HW0WY2Eyhm,66
0.507,0.0,0.821,@FoxNews,0.179,".@akarl_smith: ""Immigration is really #Trump's signature issue, so any acceptance by him on a bipartisan deal...he‚Ä¶ https://t.co/wBeWtP3dDm",67
-0.7003,0.309,0.691,@FoxNews,0.0,Hawaii false alarm raises concerns over U.S. preparedness in case of a real threat https://t.co/qJu9Jmyz66 https://t.co/oZ634ELLij,68
0.0,0.0,1.0,@FoxNews,0.0,".@VP laid a wreath at the Martin Luther King, Jr. National Memorial with Second Lady Karen Pence ahead of #MLK Day. https://t.co/OS7FHGrpVf",69
0.0,0.0,1.0,@FoxNews,0.0,"Actress Ashley Judd commends Franco's 'culpability,' calls it 'terrific' https://t.co/7aiO6BgTKx",70
0.0,0.0,1.0,@FoxNews,0.0,"'Deplorable' NYU prof sues university, colleagues for defamation https://t.co/zErxOgzLiI",71
-0.4767,0.193,0.807,@FoxNews,0.0,"2 women arrested after Texas apartment meth lab explodes with child inside, police say https://t.co/m3ieBUo0h2",72
0.34,0.0,0.888,@FoxNews,0.112,".@RajShah45: ""@POTUS wants to see real border security. He wants to see movement on chain migration and ending the‚Ä¶ https://t.co/Po6mwXrx8q",73
0.0,0.0,1.0,@FoxNews,0.0,RT @EricShawnTV: I anchor @FoxNews at 6pm ET and again tomorrow morning on @AmericaNewsroom. Today #Hawaii Rep. @TulsiGabbard said that @PO‚Ä¶,74
-0.4767,0.22,0.78,@FoxNews,0.0,UK politician's model girlfriend suspended after reported 'vile' Meghan Markle remarks https://t.co/RRTWldTttq,75
0.2023,0.0,0.847,@FoxNews,0.153,Taylor Swift told to beware gun-seeking 'boyfriend' by police officers https://t.co/2XEgKsRb3X,76
0.0,0.0,1.0,@FoxNews,0.0,Dow milestones since election. https://t.co/xei3jV9rQD,77
0.4939,0.0,0.802,@FoxNews,0.198,"On @foxandfriends, @Varneyco praised President @realDonaldTrump's economic record in comparison to his predecessor'‚Ä¶ https://t.co/MIaIBTGk68",78
0.6124,0.0,0.778,@FoxNews,0.222,".@GaryKaltbaum: ""This whole tax thing has been not just a home run, but a grand slam."" https://t.co/qDi6Jad4Zt",79
0.4973,0.0,0.848,@FoxNews,0.152,".@DiamondandSilk: ""@realDonaldTrump is not a racist. He's a realist. And the only color he sees is green and he wan‚Ä¶ https://t.co/TiHQBgVQ6G",80
-0.1053,0.198,0.659,@FoxNews,0.143,".@PeteHegseth: ""The Left loves to point at Americans who they don't like and say they're unacceptable. But when [‚Ä¶ https://t.co/AMd9vq2mDx",81
0.0,0.0,1.0,@FoxNews,0.0,.@dBongino: ‚ÄúI and many other people I‚Äôm communicating with on this collusion nonsense‚Ä¶ really believe that this wa‚Ä¶ https://t.co/orW0zrnlD4,82
-0.5994,0.495,0.505,@FoxNews,0.0,"Dennis Rodman arrested, charged with DUI https://t.co/RNZFTxWBWF",83
0.0,0.0,1.0,@FoxNews,0.0,"""You can either send money to Washington or you can give it to your employees. The employees earned the money. Wash‚Ä¶ https://t.co/yjRzT6ZYvA",84
0.0,0.0,1.0,@FoxNews,0.0,"Chelsea Manning confirms Senate bid, says 'Yup, we're running' https://t.co/xWWIIbaMSp https://t.co/hZMkPwwurB",85
0.0,0.0,1.0,@FoxNews,0.0,"Drugged driver crashes car into second story of California building, officials say https://t.co/QcizFnTptn",86
-0.4215,0.237,0.763,@FoxNews,0.0,.@BillClinton Denies Foundation Paid for Chelsea Clinton's Wedding https://t.co/gcLBTXmtvh https://t.co/j38S8Xt8dZ,87
0.0,0.0,1.0,@FoxNews,0.0,"Ambassador James Jeffrey: ""We are not well-prepared for any emergency."" https://t.co/NuTPgSKXA5 https://t.co/KUsXYNJIOd",88
-0.8625,0.49,0.51,@FoxNews,0.0,Hawaii's false missile threat: Worker 'feels terrible' after pushing the wrong button https://t.co/le9KohbiTw,89
-0.34,0.211,0.789,@FoxNews,0.0,Hawaii false alarm prompts plans for FCC investigation https://t.co/NuTPgSKXA5 https://t.co/XFlCQykalI,90
-0.6908,0.251,0.749,@FoxNews,0.0,".@AlvedaCKing: ""People were saying that President Trump has called Haiti and Africa a bad word. No, he was referrin‚Ä¶ https://t.co/JV76scGt5j",91
-0.1779,0.169,0.693,@FoxNews,0.139,"Porn star Olivia Nova‚Äôs friend says she ‚Äòwanted to change her lifestyle' before her death, report says https://t.co/8T8hEHYkFX",92
0.0,0.0,1.0,@FoxNews,0.0,".@SecNielsen: ""I don't recall [President #Trump] saying that exact phrase."" https://t.co/7ACgdZGkmc https://t.co/X1GW8HLeiE",93
-0.6705,0.36,0.64,@FoxNews,0.0,20 people killed in California's deadly mudslides https://t.co/ljWdYCcKUA https://t.co/QwfH4x0pA4,94
0.0772,0.111,0.766,@FoxNews,0.123,"Amb. James Jeffrey on North Korea: ""All of the good emergency preparedness training and exercises in the world will‚Ä¶ https://t.co/zhjqnjyj5M",95
-0.5574,0.247,0.753,@FoxNews,0.0,".@MarkSKrikorian: ""The average illegal immigrant costs taxpayers, over his lifetime... $75,000."" https://t.co/vQpKXyj5c0",96
0.4019,0.0,0.856,@FoxNews,0.144,".@RepDeSantis: ""Did the FBI know that [the dossier] was funded by the Democratic Party and @HillaryClinton?"" https://t.co/d9gWefblUq",97
-0.6486,0.381,0.619,@FoxNews,0.0,"President #Trump: DACA is ""probably dead"" https://t.co/JejH8Wa6XM https://t.co/u6heNrMsTM",98
-0.5574,0.34,0.66,@FoxNews,0.0,Israeli army destroys Hamas tunnel on video https://t.co/OTdbX0vB77,99
0.4497,0.0,0.764,@FoxNews,0.236,"Jeff Mason on border security: ""Many [Democrats] will say they're not opposed to having increased security, but the‚Ä¶ https://t.co/GfZSR9QQWP",100
0.2023,0.0,0.816,@nytimes,0.184,"Australian Open: Within Hours, Three Top Americans Fall https://t.co/FYJgT1lHhs",1
0.0,0.0,1.0,@nytimes,0.0,"In Trump‚Äôs Remarks, Black Churches See a Nation Backsliding https://t.co/Z4xpmYcsdY",2
0.0,0.0,1.0,@nytimes,0.0,Opinion: How democracies perish https://t.co/C9Is1SZwoX,3
0.5719,0.0,0.748,@nytimes,0.252,Detroit Auto Show May Be Celebrating an Era About to End https://t.co/vfYgjs0Mmi,4
0.3818,0.0,0.822,@nytimes,0.178,Japan is scrambling to ensure it has a future in an electric-car world https://t.co/wcNjkiCz8t,5
-0.34,0.231,0.769,@nytimes,0.0,‚ÄúYou make one mistake and it‚Äôs all gone‚Äù https://t.co/MnAyUcq0Jg,6
0.0,0.0,1.0,@nytimes,0.0,"""We swerved all of a sudden. The front of the plane crashed and the back was in the air. Everyone panicked."" https://t.co/6ZM7AdmpjU",7
-0.1695,0.18,0.702,@nytimes,0.118,RT @NYTHealth: Germany and other countries have health care systems that don't allow people with diabetes and other chronic illnesses to go‚Ä¶,8
0.6124,0.0,0.706,@nytimes,0.294,"Doug Harvey, Hall of Fame Umpire Whom Players Called God, Dies at 87 https://t.co/4MND81qAdm",9
-0.5719,0.27,0.73,@nytimes,0.0,"In Iran, Protester ‚ÄòSuicides‚Äô Stir Anger and Calls for Accountability https://t.co/ipFcTXrdPU",10
-0.2263,0.128,0.872,@nytimes,0.0,"The Saturday Profile: Cairo‚Äôs Lawsuit King Sues Actors, Belly Dancers, Even Puppet Shows https://t.co/9aTTItWgPH",11
-0.6808,0.25,0.672,@nytimes,0.078,"When a woman was raped in a Brooklyn park in 1994, a columnist called it a hoax. But new DNA testing has solved the‚Ä¶ https://t.co/r9ymHZJG43",12
0.0,0.0,1.0,@nytimes,0.0,Review: A Fantasy Town Builds a Wall Against Time in ‚ÄòBallyturk‚Äô https://t.co/DX8gucTmZA,13
0.0,0.0,1.0,@nytimes,0.0,Go gray https://t.co/nXX1Fg4cXh,14
0.1531,0.108,0.743,@nytimes,0.149,False Missile Alert Looms as a Black Eye for Hawaii and Its Governor https://t.co/cKivw4Lp8R,15
-0.5994,0.262,0.738,@nytimes,0.0,Secret Tunnel in Berlin Is an Echo From the Cold War https://t.co/6TP8ugbXRc,16
-0.3818,0.178,0.822,@nytimes,0.0,"RT @nytimesarts: In the battle of the peak-TV queens, it's Victoria's turn https://t.co/JJ8nOjD3sw",17
-0.2782,0.136,0.767,@nytimes,0.097,"""We fully felt like we were about to die. I drove to try to get to my kids even though I knew I probably wouldn't m‚Ä¶ https://t.co/7QiaxcR3Kp",18
-0.34,0.211,0.789,@nytimes,0.0,"‚ÄòI‚Äôm Not a Racist,‚Äô Trump Says in Denying Vulgar Comment https://t.co/ZKVU1jeUvj",19
0.5574,0.085,0.682,@nytimes,0.233,"Male sea turtles are disappearing from Australia‚Äôs Great Barrier Reef, a new study suggests https://t.co/zjW4rysnUz",20
0.0,0.0,1.0,@nytimes,0.0,"Breaking News: ""I'm not a racist."" President Trump insisted again on Sunday that he did not make a vulgar comment l‚Ä¶ https://t.co/NUWF6ipxCm",21
-0.3818,0.224,0.776,@nytimes,0.0,Vikings Shock Saints on Last-Second Touchdown by Stefon Diggs https://t.co/l8VlsKxwQe,22
0.0,0.0,1.0,@nytimes,0.0,"""You can't look down to read the speech, you have to take the speech up. Because if you did your neck would break.""‚Ä¶ https://t.co/CqxEpjEwpZ",23
0.0,0.0,1.0,@nytimes,0.0,"""You can't look down to read the speech, you have to take the speech up. Because if you did your neck would break.""‚Ä¶ https://t.co/yan4tsOORc",24
-0.296,0.109,0.891,@nytimes,0.0,President Trump accused The Wall Street Journal of purposely misquoting him. The Journal responded by posting an au‚Ä¶ https://t.co/HhluE5bIs5,25
0.0,0.0,1.0,@nytimes,0.0,Essay: The Poet of Light https://t.co/2vn1TEtBSN,26
-0.6529,0.289,0.633,@nytimes,0.078,"""The risk of accidental nuclear war is not hypothetical ‚Äî accidents have happened in the past, and humans will err‚Ä¶ https://t.co/uetTDZsMuI",27
-0.5994,0.281,0.719,@nytimes,0.0,Military Quietly Prepares for a Last Resort: War With North Korea https://t.co/wS6mIkgOHl,28
-0.0516,0.199,0.616,@nytimes,0.185,"Missouri‚Äôs Combative Governor, Deep in Scandal, Puts on the Charm https://t.co/VFpPcoDS4l",29
-0.0516,0.106,0.796,@nytimes,0.097,What does the false missile alert in Hawaii tell us about these government-run warning systems? That they need majo‚Ä¶ https://t.co/UDeoSKSwC4,30
0.0,0.0,1.0,@nytimes,0.0,A Republican senator who was at the White House immigration meeting said President Trump did not use a vulgarity to‚Ä¶ https://t.co/rGfKAmEWbl,31
0.0,0.0,1.0,@nytimes,0.0,Op-Ed Contributor: How the Other Half Lives in Iran https://t.co/X6m7ZC5XTP,32
0.0,0.0,1.0,@nytimes,0.0,RT @nytopinion: President Trump's actions break with years of American nuclear policy. They also make it harder to persuade other nations t‚Ä¶,33
-0.5106,0.264,0.613,@nytimes,0.123,Darren Criss Plays the Happy-Go-Lucky Killer in the Versace TV Drama https://t.co/PuXylc9q3N,34
-0.4767,0.256,0.744,@nytimes,0.0,"In some countries, Facebook‚Äôs fiddling has magnified fake news https://t.co/Wve2NysTcL",35
0.0,0.0,1.0,@nytimes,0.0,"Video: A plane trying to land in Turkey made a heart-stopping skid off a runway, ending up feet from the Black Sea https://t.co/AAIn0KNDLt",36
0.4588,0.0,0.765,@nytimes,0.235,"Jaguars 45, Steelers 42 | Divisional round: Jaguars Stun Steelers to Reach A.F.C. Championship Game https://t.co/Oib9KNWqS1",37
0.0,0.0,1.0,@nytimes,0.0,"In 1968, The Beatles trudged through dense forest to an ashram in India, where they spent weeks writing songs. The‚Ä¶ https://t.co/4qS0piKNqA",38
-0.6529,0.289,0.633,@nytimes,0.078,"""The risk of accidental nuclear war is not hypothetical ‚Äî accidents have happened in the past, and humans will err‚Ä¶ https://t.co/bdUCvziesG",39
0.0,0.0,1.0,@nytimes,0.0,"""SNL"" took aim at ""Morning Joe,"" with Bill Murray as Stephen Bannon and Fred Armisen as Michael Wolff https://t.co/CEFnI9EeMJ",40
0.2023,0.109,0.743,@nytimes,0.149,"An unspectacular week at the box office led ""Jumanji: Welcome to the Jungle"" back to No. 1 https://t.co/X1g2x0lEiQ",41
0.7845,0.0,0.683,@nytimes,0.317,"""It‚Äôs remarkable how well it has eased my twitchy phone checking."" A small group of people have turned their phone‚Ä¶ https://t.co/VFsnM5ajbG",42
0.0,0.0,1.0,@nytimes,0.0,"He's being called ""frost boy."" But the image of an 8-year-old with icicles in his hair who trekked miles to school‚Ä¶ https://t.co/jNM6ZqNlwb",43
-0.4215,0.123,0.877,@nytimes,0.0,"RT @nytopinion: Immigrants are more likely to be fleeing dysfunctions and prejudices than they are to be bringing them, writes @BretStephen‚Ä¶",44
-0.25,0.121,0.795,@nytimes,0.083,"She left France to join Islamic militants in Syria, and now with the collapse of ISIS wants to return. But can she? https://t.co/IRd249fhaT",45
0.0,0.0,1.0,@nytimes,0.0,"DACA participants can again apply for renewal of protection, the U.S. immigration agency said https://t.co/jBcr0G8Lfa",46
-0.5994,0.157,0.843,@nytimes,0.0,"The death toll in the mudslides that buried parts of Montecito in muck and boulders has risen to 20, officials said https://t.co/hL9kMaAtAT",47
0.4588,0.133,0.6,@nytimes,0.267,"""I 100% support the fight for fair pay and I'm donating the $1.5M to the Time's Up Legal Defense Fund in Michelle W‚Ä¶ https://t.co/5yYYqjR0I7",48
0.7269,0.0,0.717,@nytimes,0.283,"""I'm ready for crypto assets to go down 90 percent. I'll feel better then, I think. This has been too insane."" https://t.co/YKDQpv2e7j",49
0.0,0.0,1.0,@nytimes,0.0,Your Sunday playlist has arrived https://t.co/aW6xfGiPgg,50
0.6369,0.0,0.802,@nytimes,0.198,"""I love working out so much that I belong to two gyms."" How 50 Cent spends his Sundays: https://t.co/VIJ18SsKIY",51
0.0,0.0,1.0,@nytimes,0.0,"Investigators said that the Las Vegas gunman used anonymous communications devices, including a prepaid cellphone,‚Ä¶ https://t.co/nafEGnB7fi",52
-0.0516,0.106,0.796,@nytimes,0.097,What does the false missile alert in Hawaii tell us about these government-run warning systems? That they need majo‚Ä¶ https://t.co/FTEqVxrEm5,53
0.0,0.0,1.0,@nytimes,0.0,"President Trump has been known to refer to Ronna McDaniel as ""my Romney"" https://t.co/zyd9R2chkl",54
0.0,0.0,1.0,@nytimes,0.0,"Chelsea Manning filed to run for Senate in Maryland, according to federal election filings https://t.co/sPlt4U5MJF",55
-0.8555,0.461,0.539,@nytimes,0.0,"David Perdue said Dick Durbin's account of President Trump's language was a ""gross misrepresentation"" https://t.co/8EoPHPzzrz",56
0.0,0.0,1.0,@nytimes,0.0,"A former Steeler's CTE diagnosis led to a $1 billion settlement for retired players, but a technicality has left hi‚Ä¶ https://t.co/ezbbd4vUBE",57
-0.2782,0.136,0.767,@nytimes,0.097,"""We fully felt like we were about to die. I drove to try to get to my kids even though I knew I probably wouldn't m‚Ä¶ https://t.co/lpp0Sehj5O",58
-0.6705,0.274,0.614,@nytimes,0.112,A group in northwestern Africa that is loyal to ISIS claimed responsibility for the attack in Niger that killed 4 A‚Ä¶ https://t.co/ckgxpfDebz,59
0.0,0.0,1.0,@nytimes,0.0,Opinion: Is there life after liberalism? https://t.co/L4DBqnbECw,60
0.2263,0.117,0.769,@nytimes,0.113,"The first time cutting season came around, Nice Leng‚Äôete and her sister ran away and hid in a tree. The second time‚Ä¶ https://t.co/eUlj16WnT4",61
0.1154,0.201,0.574,@nytimes,0.225,"""I'm running,"" Mitt Romney says privately, but as a Trump friend or foe? https://t.co/PMBo6AWzYv",62
-0.296,0.109,0.891,@nytimes,0.0,President Trump accused The Wall Street Journal of purposely misquoting him. The Journal responded by posting an au‚Ä¶ https://t.co/pcKo0BO4Fv,63
0.0,0.0,1.0,@nytimes,0.0,"""We swerved all of a sudden. The front of the plane crashed and the back was in the air. Everyone panicked."" https://t.co/XWkKBlsktK",64
0.0,0.0,1.0,@nytimes,0.0,Afghan officials said that meetings were underway in Turkey between their government and representatives of the Tal‚Ä¶ https://t.co/fjfszdHUH1,65
0.0,0.0,1.0,@nytimes,0.0,"""SNL"" took aim at ""Morning Joe,"" with Bill Murray as Stephen Bannon and Fred Armisen as Michael Wolff https://t.co/B6E1qzAffx",66
-0.6529,0.289,0.633,@nytimes,0.078,"""The risk of accidental nuclear war is not hypothetical ‚Äî accidents have happened in the past, and humans will err‚Ä¶ https://t.co/AXGCDpnjeV",67
0.0,0.0,1.0,@nytimes,0.0,Dolphins show self-recognition earlier than children https://t.co/JhRYEGnz87,68
0.4588,0.133,0.6,@nytimes,0.267,"""I 100% support the fight for fair pay and I'm donating the $1.5M to the Time's Up Legal Defense Fund in Michelle W‚Ä¶ https://t.co/uHWv6Hkrdt",69
0.4215,0.0,0.798,@nytimes,0.202,"A new 3-D videomicroscope gives surgeons ""Superman eyes"" and helps them perform and teach delicate brain operations https://t.co/L8mfsQ1cO9",70
0.0,0.0,1.0,@nytimes,0.0,"Opinion: ""Hillary Clinton, the first woman who had a real shot at the presidency, has finally set off a national aw‚Ä¶ https://t.co/m0rzwUxudL",71
-0.7506,0.299,0.701,@nytimes,0.0,"""This system failed miserably and we need to start over,"" Senator Brian Schatz of Hawaii said https://t.co/xob5P1wRjW",72
0.0,0.0,1.0,@nytimes,0.0,"An Iranian oil tanker that collided with another vessel in the East China Sea sank on Sunday, the Chinese Ministry‚Ä¶ https://t.co/bJpAUGa73F",73
0.0,0.0,1.0,@nytimes,0.0,"RT @nytimesworld: In 2016, this is how @Pontifex explained his prolonged absence from his homeland: ‚ÄúThe world is bigger than Argentina.‚Äù h‚Ä¶",74
0.0,0.0,1.0,@nytimes,0.0,"""You can't look down to read the speech, you have to take the speech up. Because if you did your neck would break.""‚Ä¶ https://t.co/O4GoxcSM7I",75
-0.1027,0.167,0.641,@nytimes,0.192,"Opinion: Martin Luther King Jr.‚Äôs assassination, on April 4, 1968, played a direct role in Franklin‚Äôs creation. And‚Ä¶ https://t.co/4clKD7Kg2c",76
0.0,0.0,1.0,@nytimes,0.0,Op-Ed Columnist: Is There Life After Liberalism? https://t.co/hJDH8Ansf8,77
-0.7351,0.267,0.733,@nytimes,0.0,He was badly wounded during last summer‚Äôs attack on the Republican congressional baseball team. Nearly every hour b‚Ä¶ https://t.co/Ksv6E3SmWg,78
0.2263,0.117,0.769,@nytimes,0.113,"The first time cutting season came around, Nice Leng‚Äôete and her sister ran away and hid in a tree. The second time‚Ä¶ https://t.co/oplchBjO54",79
0.1027,0.094,0.792,@nytimes,0.114,She even stopped using her full name ‚Äî Ronna Romney McDaniel ‚Äî professionally after President Trump joked with her‚Ä¶ https://t.co/i6z4geQCau,80
0.0,0.0,1.0,@nytimes,0.0,"The Trump administration is set to shrink Bears Ears by 85% next month, potentially opening more than a million acr‚Ä¶ https://t.co/DcGoDxSCIi",81
-0.4939,0.176,0.824,@nytimes,0.0,"In 2017, extreme weather events caused a total of $306 billion in damage in the U.S. https://t.co/dkn2lk4gE4",82
0.0,0.0,1.0,@nytimes,0.0,For decades the E train in NYC has been one of the lines most used by homeless people to sleep because it stays und‚Ä¶ https://t.co/27xDD6sCiU,83
0.0,0.0,1.0,@nytimes,0.0,"Vows: He Works With Divas, but Didn‚Äôt Marry One https://t.co/sDt832Oiqn",84
0.0,0.0,1.0,@nytimes,0.0,"A Greener, More Healthful Place to Work https://t.co/PgYRp1FOij",85
0.0,0.0,1.0,@nytimes,0.0,"A gym chain is banning CNN, Fox News and MSNBC from its TVs. They say it's for your health. https://t.co/hVO96GgonB",86
0.0,0.0,1.0,@nytimes,0.0,"He's being called ""frost boy."" But the image of an 8-year-old with icicles in his hair who trekked miles to school‚Ä¶ https://t.co/YlwbptD3DI",87
-0.1027,0.122,0.778,@nytimes,0.1,RT @nytimesbooks: 11 new books recommended by critics and editors at The New York Times https://t.co/5iUuUDcio6,88
0.2732,0.0,0.861,@nytimes,0.139,"Snow in the Sahara creates a frozen, alien landscape right here on Earth https://t.co/fDbvc4G9Df https://t.co/WEbcGeSST0",89
0.8934,0.047,0.568,@nytimes,0.385,"RT @nytimesbooks: Feeling wrung out by the news? Give your kids these picture books about love, compassion and peace in tough times. https:‚Ä¶",90
-0.4588,0.2,0.8,@nytimes,0.0,"As Pope Francis Heads to Chile and Peru, Argentina Feels Snubbed, Again https://t.co/HDkLuf7F7w",91
-0.2023,0.122,0.878,@nytimes,0.0,"Inside the strange, global relay race that delivers a lifesaving isotope to America's hospitals https://t.co/zD6DkjgdQF",92
0.7003,0.0,0.633,@nytimes,0.367,"‚ÄòSaturday Night Live,‚Äô With Help From Old Friends, Skewers ‚ÄòMorning Joe‚Äô https://t.co/MSqdQ0Eg1D",93
0.0,0.0,1.0,@nytimes,0.0,Opinion: Catherine Deneuve and the French feminist difference https://t.co/qEAUPODg1S,94
0.0,0.0,1.0,@nytimes,0.0,‚ÄúThis may actually send a message to the fraternities that they need to do more‚Äù https://t.co/QCwQOB9b2o,95
0.0,0.0,1.0,@nytimes,0.0,52 Places to Go in 2018 https://t.co/zKj7Wjz7dg,96
0.0258,0.067,0.861,@nytimes,0.072,"James Spader: ""I think that men should think hard and listen carefully and perhaps we‚Äôll learn a thing or two"" https://t.co/k6FSzb0wvF",97
0.4019,0.0,0.886,@nytimes,0.114,"""The person who told me said, ‚ÄòAre you sitting down?‚Äô and I said yes, and they said, ‚ÄòWe have just received a cease‚Ä¶ https://t.co/xHEHXZhqWd",98
0.4572,0.0,0.77,@nytimes,0.23,Will democracy survive President Trump? 2 new books aren‚Äôt so sure. https://t.co/d63DDBywNu,99
-0.3612,0.135,0.865,@nytimes,0.0,"At first glance, a $4,000 treadmill seems ridiculous. But it offers lessons for the future of gadgets. https://t.co/txT8eZBiIW",100
